sha256	path
4cbe18acaf48843e42e90b517df1a7f47fb29516e928f200e41902eb305f7deb	config/atcc_msa1003_hifi_classifier_operating_points_20260821.tsv
f6dcedcd2be9b69b6a433c65cd3ff68eaf2b587b4d21090a1d4529efb613d5e6	config/atcc_msa1003_hifi_srr9328980_20260821.truth_species.tsv
4ad2fb6b4dbd9543a2f99935776a5a4f087757bc090333cefbbeab33f8958915	docs/ATCC_HIFI_CLASSIFIER_OPERATING_POINT_SWEEP_V0_4_5.md
a31dff4a57546ac120285686081c3481f2eee1cc1e27df6d541e5cd020eea574	docs/ATCC_HIFI_CLASSIFIER_SWEEP_PATCH_README.txt
e6b49c1653d801862e4de3f5a4eb5567c17ef7c58ad467a4551f726b3fcaccfe	scripts/atcc_hifi_classifier_sweep.py
f11cb44b03ef0571774193374f3654bd86900828fa81e71324ed856ce1e60e8b	scripts/run_atcc_hifi_classifier_sweep_summary.sh
7825dce1bc2f268776270eae6818406af25249646e5feb221d21a96ea07f4803	scripts/run_atcc_hifi_classifier_sweep_task.sh
badc5a5c574fc07380a090d15deb140ba7ef5569a05e3d1a24c7d512023cdb55	scripts/submit_atcc_hifi_classifier_sweep.sh
08fde8f6b5bd0105c759f6b94b3b590111e2da4367c3e8d32765d78c71ce8335	tests/test_atcc_hifi_classifier_sweep.py
